{"cameraMode":{"drawMode":0,"name":"Shaded","section":"Shading Mode"},"sceneLighting":true,"audioPlay":false,"sceneViewState":{"m_AlwaysRefresh":false,"showFog":true,"showSkybox":true,"showFlares":true,"showImageEffects":true,"showParticleSystems":true,"showVisualEffectGraphs":true,"m_FxEnabled":true},"in2DMode":false,"pivot":{"x":-10.791278839111329,"y":-37.448944091796878,"z":27.491207122802736},"rotation":{"x":0.4310971200466156,"y":-0.17798227071762086,"z":0.08716315031051636,"w":0.8802739977836609},"size":76.01227569580078,"orthographic":false}